Kang Hyewon,"https://i.imgur.com/fVFeDQu.png,https://i.imgur.com/beat3rl.jpg,https://i.imgur.com/A8Dm7yD.jpg,https://i.imgur.com/xf4L1D9.jpg,https://i.imgur.com/Rhb8eFo.jpg,https://i.imgur.com/7nhwgaQ.jpg,https://i.imgur.com/v0WBY48.jpg,https://i.imgur.com/H5v4L6s.jpg,https://i.imgur.com/nn4qsPw.jpg,https://i.imgur.com/ugZnKvC.jpg,https://i.imgur.com/bX5yX88.jpg,https://i.imgur.com/pTrDPyJ.jpg,https://i.imgur.com/Ji3csDt.jpg"
Kwon Eunbi,"https://i.imgur.com/Ey6FnC4.png,https://i.imgur.com/WQiKwJ0.jpg,https://i.imgur.com/wnL96Sb.jpg,https://i.imgur.com/j2jHJHi.jpg,https://i.imgur.com/9UTZPd0.jpg,https://i.imgur.com/RiJRt9n.jpg,https://i.imgur.com/sBsA1No.jpg,https://i.imgur.com/GHDH0ny.jpg,https://i.imgur.com/usTpG44.jpg,https://i.imgur.com/yoF1Ah8.jpg,https://i.imgur.com/8oTsaWK.jpg,https://i.imgur.com/fGeaSon.jpg,https://i.imgur.com/4GlCO9F.jpg"
Choi Soeun,"https://i.imgur.com/fw6tLW5.png,https://i.imgur.com/4FCCq7N.jpg,https://i.imgur.com/6zxdlwT.jpg,https://i.imgur.com/zUcdmyA.jpg,https://i.imgur.com/uuhhtJI.jpg,https://i.imgur.com/dYGCnMW.jpg,https://i.imgur.com/nz2ziY1.jpg,https://i.imgur.com/lOWQ4kE.jpg,https://i.imgur.com/YW8YV5V.jpg,https://i.imgur.com/GRuQU4K.jpg,https://i.imgur.com/tdZ0YY6.jpg,https://i.imgur.com/iLnezFJ.jpg,https://i.imgur.com/KjUgUFT.jpg"
Ko Yujin,"https://i.imgur.com/Odrpwse.png,https://i.imgur.com/XHHCmGR.jpg,https://i.imgur.com/eomrgzA.jpg,https://i.imgur.com/hcN2vgU.jpg,https://i.imgur.com/DLW1TPC.jpg,https://i.imgur.com/izl8WKE.jpg,https://i.imgur.com/Gn3X8qX.jpg,https://i.imgur.com/8HuTbcz.jpg,https://i.imgur.com/m9VU7bT.jpg,https://i.imgur.com/ImznlC1.jpg,https://i.imgur.com/6T2tceh.jpg,https://i.imgur.com/c5cQRXX.jpg,https://i.imgur.com/h1Llxry.jpg"
Kim Suyun,"https://i.imgur.com/LoFxK6U.png,https://i.imgur.com/5VdlPCL.jpg,https://i.imgur.com/oCfSG30.jpg,https://i.imgur.com/JX2T3yP.jpg,https://i.imgur.com/VWTnqmh.jpg,https://i.imgur.com/jU8eoLd.jpg,https://i.imgur.com/j3rjGc8.jpg,https://i.imgur.com/OXvh921.jpg,https://i.imgur.com/Io3c5aS.jpg,https://i.imgur.com/su4nkMe.jpg,https://i.imgur.com/IXpzoAa.jpg,https://i.imgur.com/YOJuKSq.jpg,https://i.imgur.com/9jvzFYB.jpg"
Kim Sohee,"https://i.imgur.com/WPrK56t.png,https://i.imgur.com/iu2pHRN.jpg,https://i.imgur.com/F84Smzg.jpg,https://i.imgur.com/p9gyZPi.jpg,https://i.imgur.com/DsqhJjS.jpg,https://i.imgur.com/WCQuosD.jpg,https://i.imgur.com/4oyuYAK.jpg,https://i.imgur.com/eiqz62F.jpg,https://i.imgur.com/kDSPRC4.jpg,https://i.imgur.com/K6SL9Rw.jpg,https://i.imgur.com/KKfKC7B.jpg,https://i.imgur.com/Uk7gi9f.jpg,https://i.imgur.com/jEp4O9N.jpg"
Huh Yunjin,"https://i.imgur.com/rOBJfcv.png,https://i.imgur.com/sXh6Yvo.jpg,https://i.imgur.com/HHMWG68.jpg,https://i.imgur.com/wuewYlf.jpg,https://i.imgur.com/BXxOj3x.jpg,https://i.imgur.com/myezV5r.jpg,https://i.imgur.com/lsM9sz5.jpg,https://i.imgur.com/yEaIw59.jpg,https://i.imgur.com/ixGX6Zl.jpg,https://i.imgur.com/qEbYSmF.jpg,https://i.imgur.com/OA7MhRz.jpg,https://i.imgur.com/kbwvtYa.jpg,https://i.imgur.com/SpUH1rE.jpg"
Lee Gaeun,"https://i.imgur.com/iRHs3qf.png,https://i.imgur.com/oFQz7QC.jpg,https://i.imgur.com/xXVn1km.jpg,https://i.imgur.com/tSSY2AJ.jpg,https://i.imgur.com/lsU4qZR.jpg,https://i.imgur.com/YaqKCBH.jpg,https://i.imgur.com/HVmsjNc.jpg,https://i.imgur.com/zhSXpUH.jpg,https://i.imgur.com/3DPJrz0.jpg,https://i.imgur.com/M9lfsJu.jpg,https://i.imgur.com/qa3YXPB.jpg,https://i.imgur.com/0Z4Dylb.jpg,https://i.imgur.com/OijT4R4.jpg"
Yoon Haesol,"https://i.imgur.com/YjOsURU.png,https://i.imgur.com/F0lGQuM.jpg,https://i.imgur.com/N5sEzSz.jpg,https://i.imgur.com/dYEMR0q.jpg,https://i.imgur.com/OQBF6Bk.jpg,https://i.imgur.com/MNBtVf0.jpg,https://i.imgur.com/kIuQyVM.jpg,https://i.imgur.com/6LwuN0V.jpg,https://i.imgur.com/LmMLiEr.jpg,https://i.imgur.com/EBAhX8d.jpg,https://i.imgur.com/JuhUVzf.jpg,https://i.imgur.com/Dlvt9kX.jpg,https://i.imgur.com/fih4zCX.jpg"
Kim Chaewon,"https://i.imgur.com/DEdRpex.png,https://i.imgur.com/yMCPbnK.jpg,https://i.imgur.com/zqH9F8v.jpg,https://i.imgur.com/qMtKWVg.jpg,https://i.imgur.com/tsc1DLx.jpg,https://i.imgur.com/h0tLowq.jpg,https://i.imgur.com/ArR4uy4.jpg,https://i.imgur.com/hTF32BI.jpg,https://i.imgur.com/ULVSNhv.jpg,https://i.imgur.com/6eFWVyr.jpg,https://i.imgur.com/GfYtgLX.jpg,https://i.imgur.com/yKYcQB8.jpg,https://i.imgur.com/YGi6r2V.jpg"
Park Minji,"https://i.imgur.com/kYCRk3Z.png,https://i.imgur.com/RuG6qSg.jpg,https://i.imgur.com/WkQevQ1.jpg,https://i.imgur.com/kCFJqFi.jpg,https://i.imgur.com/fVlv647.jpg,https://i.imgur.com/jJATj1s.jpg,https://i.imgur.com/6SdYAjC.jpg,https://i.imgur.com/cZRC18T.jpg,https://i.imgur.com/IGUj76A.jpg,https://i.imgur.com/QG8JAvf.jpg,https://i.imgur.com/gah7IUm.jpg,https://i.imgur.com/0UjnMj8.jpg,https://i.imgur.com/bptZIFT.jpg"
Won Seoyeon,"https://i.imgur.com/FIUA1CZ.png,https://i.imgur.com/fZbidtf.jpg,https://i.imgur.com/zQzvqwK.jpg,https://i.imgur.com/KNN8cAL.jpg,https://i.imgur.com/z90UTX3.jpg,https://i.imgur.com/MDGItYH.jpg,https://i.imgur.com/QozaYMY.jpg,https://i.imgur.com/YCMTqHq.jpg,https://i.imgur.com/oKizgQJ.jpg,https://i.imgur.com/P2OhEBt.jpg,https://i.imgur.com/LH2R5py.jpg,https://i.imgur.com/3xKfFjA.jpg,https://i.imgur.com/XaQhNrO.jpg"
Kim Choyeon,"https://i.imgur.com/eYLrVDR.png,https://i.imgur.com/DcutU2n.jpg,https://i.imgur.com/Cqiajn4.jpg,https://i.imgur.com/PPZtdgm.jpg,https://i.imgur.com/MxVs01e.jpg,https://i.imgur.com/kj5S6sn.jpg,https://i.imgur.com/RTVJalu.jpg,https://i.imgur.com/s2oc6sf.jpg,https://i.imgur.com/wcT7UJz.jpg,https://i.imgur.com/npM0Lw1.jpg,https://i.imgur.com/bhjB1Iw.jpg,https://i.imgur.com/Shepwj2.jpg,https://i.imgur.com/sktd3yT.jpg"
Cho Yeongin,"https://i.imgur.com/Gqwo0e7.png,https://i.imgur.com/RIkRxtg.jpg,https://i.imgur.com/EAvbPZG.jpg,https://i.imgur.com/ZvkjG4g.jpg,https://i.imgur.com/vhg7IYR.jpg,https://i.imgur.com/WpOBBS1.jpg,https://i.imgur.com/Me5wUQB.jpg,https://i.imgur.com/VJVxMX0.jpg,https://i.imgur.com/uotqGSC.jpg,https://i.imgur.com/VWtucwq.jpg,https://i.imgur.com/hFC3zG8.jpg,https://i.imgur.com/zl0PQsa.jpg,https://i.imgur.com/3PIJfox.jpg"
Lee Chaeyeon,"https://i.imgur.com/zB7ohc6.png,https://i.imgur.com/d3CL1Z4.jpg,https://i.imgur.com/nP6D0bU.jpg,https://i.imgur.com/FcoYCAA.jpg,https://i.imgur.com/J7AqkO0.jpg,https://i.imgur.com/wBImA9C.jpg,https://i.imgur.com/8vWC5V0.jpg,https://i.imgur.com/A1GKcUE.jpg,https://i.imgur.com/Czv6xhs.jpg,https://i.imgur.com/R14Vwq0.jpg,https://i.imgur.com/Z4bNOC6.jpg,https://i.imgur.com/kjeV2ee.jpg,https://i.imgur.com/cZAdXiC.jpg"
Hasegawa Rena,"https://i.imgur.com/TmNMeUg.jpg,https://i.imgur.com/DzoLJnf.jpg,https://i.imgur.com/JfuXdrP.jpg,https://i.imgur.com/I7pv7dQ.jpg,https://i.imgur.com/RgtHC55.jpg,https://i.imgur.com/Eo85lzf.jpg,https://i.imgur.com/nebDnlP.jpg,https://i.imgur.com/hG8KXwq.jpg,https://i.imgur.com/VQN7Qbn.jpg,https://i.imgur.com/4l7ytiU.jpg,https://i.imgur.com/DNViE5h.jpg,https://i.imgur.com/d4k8uMm.jpg,https://i.imgur.com/MNnyjyQ.jpg"
Yamada Noe,"https://i.imgur.com/vvlnFTK.jpg,https://i.imgur.com/tsUIj9K.jpg,https://i.imgur.com/DKAnlhG.jpg,https://i.imgur.com/GzCwuNX.jpg,https://i.imgur.com/RVKcHtD.jpg,https://i.imgur.com/nQ8tZ0j.jpg,https://i.imgur.com/tgvS517.jpg,https://i.imgur.com/cJy4yzp.jpg,https://i.imgur.com/o9nWxQd.jpg,https://i.imgur.com/Be8AMjL.jpg,https://i.imgur.com/hx0bwD1.jpg,https://i.imgur.com/xtvW8XL.jpg,https://i.imgur.com/bBWTxC6.jpg"
Asai Yuuka,"https://i.imgur.com/JtydzXa.png,https://i.imgur.com/nIGbEQ8.jpg,https://i.imgur.com/AS7BBoq.jpg,https://i.imgur.com/eIuoZju.jpg,https://i.imgur.com/bHUHUC7.jpg,https://i.imgur.com/t5ucBZI.jpg,https://i.imgur.com/RjSoKkM.jpg,https://i.imgur.com/tLzddQL.jpg,https://i.imgur.com/URPsqzP.jpg,https://i.imgur.com/1XSXr3e.jpg,https://i.imgur.com/JWOTZqY.jpg,https://i.imgur.com/eUORzhV.jpg,https://i.imgur.com/47wGuk0.jpg"
Matsui Jurina,"https://i.imgur.com/yQ7myag.png,https://i.imgur.com/cPyg2a6.jpg,https://i.imgur.com/Aw9B0O2.jpg,https://i.imgur.com/uE1iu19.jpg,https://i.imgur.com/xZjcmoS.jpg,https://i.imgur.com/pgTZERk.jpg,https://i.imgur.com/sLsm0T4.jpg,https://i.imgur.com/rEa6l1M.jpg,https://i.imgur.com/CAKFp4v.jpg,https://i.imgur.com/qhclq3V.jpg,https://i.imgur.com/BiE7Fks.jpg,https://i.imgur.com/pHk6D8e.jpg,https://i.imgur.com/JzujPSg.jpg"
Tanaka Miku,"https://i.imgur.com/RMhJAQp.png,https://i.imgur.com/POeRpVn.jpg,https://i.imgur.com/aJ4qWLV.jpg,https://i.imgur.com/w5LmmF2.jpg,https://i.imgur.com/XGbd78I.jpg,https://i.imgur.com/cpTg4Nz.jpg,https://i.imgur.com/CQuKidN.jpg,https://i.imgur.com/3neHYC5.jpg,https://i.imgur.com/YFO05b7.jpg,https://i.imgur.com/VXQUccE.jpg,https://i.imgur.com/1kAOc95.jpg,https://i.imgur.com/7aA07Y2.jpg,https://i.imgur.com/rmJlkrr.jpg"
Kurihara Sae,"https://i.imgur.com/0mRHIaY.png,https://i.imgur.com/5TqEJRA.jpg,https://i.imgur.com/lrpGwbf.jpg,https://i.imgur.com/81gYd81.jpg,https://i.imgur.com/ephPOtj.jpg,https://i.imgur.com/Bte5NJZ.jpg,https://i.imgur.com/FOjUQrA.jpg,https://i.imgur.com/t7qTOg0.jpg,https://i.imgur.com/PUgOgNk.jpg,https://i.imgur.com/nC8F49F.jpg,https://i.imgur.com/HRRaPPF.jpg,https://i.imgur.com/8jk5zN8.jpg,https://i.imgur.com/191arc3.jpg"
Tsukiashi Amane,https://i.imgur.com/HOjnnqL.jpg
Imada Mina,"https://i.imgur.com/rYaebnT.png,https://i.imgur.com/J0LsKRM.jpg,https://i.imgur.com/RNDw3yD.jpg,https://i.imgur.com/SjF0XWc.jpg,https://i.imgur.com/8e7WMjm.jpg,https://i.imgur.com/apcImZd.jpg,https://i.imgur.com/vC0PgSI.jpg,https://i.imgur.com/7TAoFrI.jpg,https://i.imgur.com/PCpg8Vr.jpg,https://i.imgur.com/ZuKLDrC.jpg,https://i.imgur.com/mNXEIu4.jpg,https://i.imgur.com/7ro4RBY.jpg"
Yabuki Nako,"https://i.imgur.com/PiqRfhp.png,https://i.imgur.com/cSKaDbY.jpg,https://i.imgur.com/xWbklOW.jpg,https://i.imgur.com/sUpjtAr.jpg,https://i.imgur.com/AoOjMsX.jpg,https://i.imgur.com/T84HXtq.jpg,https://i.imgur.com/Z1HWn7H.jpg,https://i.imgur.com/A90ujbW.jpg,https://i.imgur.com/pZSyOu5.jpg,https://i.imgur.com/VkbGWu6.jpg,https://i.imgur.com/zcXtxcN.jpg,https://i.imgur.com/2BRonxC.jpg,https://i.imgur.com/sXKqXoN.jpg"
Aramaki Misaki,"https://i.imgur.com/kDJ9Dmx.png,https://i.imgur.com/PHpCZUT.jpg,https://i.imgur.com/oGaDDvj.jpg,https://i.imgur.com/LUjZ65M.jpg,https://i.imgur.com/Yc941Z2.jpg,https://i.imgur.com/z31OV7i.jpg,https://i.imgur.com/dIMOVIx.jpg,https://i.imgur.com/An24AqN.jpg,https://i.imgur.com/B3fBPKe.jpg,https://i.imgur.com/EZwZbB1.jpg,https://i.imgur.com/IS3HmdX.jpg,https://i.imgur.com/Vp3y92n.jpg,https://i.imgur.com/Ncedva8.jpg"
Murakawa Bibian,"https://i.imgur.com/3cpKEr9.png,https://i.imgur.com/zQpQI5O.jpg,https://i.imgur.com/vtKJS2y.jpg,https://i.imgur.com/WtmrQ2L.jpg,https://i.imgur.com/27rbQFa.jpg,https://i.imgur.com/la8WBNc.jpg,https://i.imgur.com/93FwouE.jpg,https://i.imgur.com/B24gk9c.jpg,https://i.imgur.com/5Rvkknu.jpg,https://i.imgur.com/5DxBtOQ.jpg,https://i.imgur.com/wkMw5Dd.jpg,https://i.imgur.com/XMzzpfh.jpg,https://i.imgur.com/g1hzIMC.jpg"
Murase Sae,"https://i.imgur.com/xnCZGD0.png,https://i.imgur.com/zdCKjQe.jpg,https://i.imgur.com/9lUflzy.jpg,https://i.imgur.com/8bZV4QP.jpg,https://i.imgur.com/WUOoq05.jpg,https://i.imgur.com/MGkdOgI.jpg,https://i.imgur.com/QF402X4.jpg,https://i.imgur.com/MFM8684.jpg,https://i.imgur.com/WSF6QEp.jpg,https://i.imgur.com/4LNnct1.jpg,https://i.imgur.com/AKqrt8t.jpg,https://i.imgur.com/otjmIzC.jpg,https://i.imgur.com/dw0u9aj.jpg"
Motomura Aoi,"https://i.imgur.com/opYW3ae.png,https://i.imgur.com/wAeOuJr.jpg,https://i.imgur.com/8HmDtsU.jpg,https://i.imgur.com/1r5DH81.jpg,https://i.imgur.com/WFCOK96.jpg,https://i.imgur.com/NQhvzIl.jpg,https://i.imgur.com/BmKSit5.jpg,https://i.imgur.com/CU3ELIi.jpg,https://i.imgur.com/DhxMNDX.jpg,https://i.imgur.com/mC3EaIy.jpg,https://i.imgur.com/H2Pz3yM.jpg,https://i.imgur.com/UFw721H.jpg,https://i.imgur.com/K4Hv1UM.jpg"
Matsuoka Natsumi,"https://i.imgur.com/F5yUetQ.png,https://i.imgur.com/qEBOQfd.jpg,https://i.imgur.com/QivvyHN.jpg,https://i.imgur.com/PMSR8ZH.jpg,https://i.imgur.com/8tEUiGA.jpg,https://i.imgur.com/HjJyqIK.jpg,https://i.imgur.com/3TgMNJK.jpg,https://i.imgur.com/rUoUINu.jpg,https://i.imgur.com/vVLHToh.jpg,https://i.imgur.com/1T0Ap9M.jpg,https://i.imgur.com/cL6Dcp0.jpg,https://i.imgur.com/2jMPTXT.jpg,https://i.imgur.com/xdVgwbs.jpg"
Kato Yuuka,"https://i.imgur.com/pTs1HTs.png,https://i.imgur.com/uqhp7Il.jpg,https://i.imgur.com/2Z1T04M.jpg,https://i.imgur.com/UwKjzdk.jpg,https://i.imgur.com/NOEWxF1.jpg,https://i.imgur.com/ya0CW2H.jpg,https://i.imgur.com/GmGn1CB.jpg,https://i.imgur.com/7nBnrDt.jpg,https://i.imgur.com/di5na5q.jpg,https://i.imgur.com/3OSw2yy.jpg,https://i.imgur.com/6NC9pDN.jpg,https://i.imgur.com/po65vYT.jpg,https://i.imgur.com/FG1pJ8D.jpg"
Shiroma Miru,"https://i.imgur.com/LvNoyCn.png,https://i.imgur.com/CcjncWW.jpg,https://i.imgur.com/R50fBVL.jpg,https://i.imgur.com/LbU18zo.jpg,https://i.imgur.com/eDNpweG.jpg,https://i.imgur.com/ppR8f9W.jpg,https://i.imgur.com/JyHBMmD.jpg,https://i.imgur.com/uTIBstl.jpg,https://i.imgur.com/wdBBPYI.jpg,https://i.imgur.com/r3KX3uo.jpg,https://i.imgur.com/EgOsanL.jpg,https://i.imgur.com/9ZL1JD7.jpg,https://i.imgur.com/pKZXjE3.jpg"
Umeyama Cocona,https://i.imgur.com/AzyJ2t5.jpg
Miyawaki Sakura,"https://i.imgur.com/dvpKpP3.png,https://i.imgur.com/rDIM2Rr.jpg,https://i.imgur.com/NhrGadI.jpg,https://i.imgur.com/aCTopqw.jpg,https://i.imgur.com/2KozVND.jpg,https://i.imgur.com/Yb4l6BG.jpg,https://i.imgur.com/WT7rDQf.jpg,https://i.imgur.com/LqRaI34.jpg,https://i.imgur.com/iRU0Ju9.jpg,https://i.imgur.com/s76BdPg.jpg,https://i.imgur.com/9SwjIGd.jpg,https://i.imgur.com/XpyhihD.jpg,https://i.imgur.com/XY4DdgY.jpg"
Uemura Azusa,https://i.imgur.com/gH4KC5c.jpg
Naiki Kokoro,"https://i.imgur.com/4i5hSYS.png,https://i.imgur.com/WqcjBMj.jpg,https://i.imgur.com/k61PUMd.jpg,https://i.imgur.com/KJb5ugR.jpg,https://i.imgur.com/gdu241N.jpg,https://i.imgur.com/kRLrGxz.jpg,https://i.imgur.com/cXgpU5m.jpg,https://i.imgur.com/qFZHCBK.jpg,https://i.imgur.com/vmzPbTm.jpg,https://i.imgur.com/X4UFdhR.jpg,https://i.imgur.com/iE6P38F.jpg,https://i.imgur.com/7xDkljg.jpg,https://i.imgur.com/djnwxue.jpg"
Honda Hitomi,"https://i.imgur.com/XklbvG1.png,https://i.imgur.com/euTBAmw.jpg,https://i.imgur.com/7eQCcpq.jpg,https://i.imgur.com/qrhLUM7.jpg,https://i.imgur.com/JK86UjR.jpg,https://i.imgur.com/DwaZhW8.jpg,https://i.imgur.com/PDa3eOH.jpg,https://i.imgur.com/UCAKvvy.jpg,https://i.imgur.com/9XE7JHp.jpg,https://i.imgur.com/oTiszIH.jpg,https://i.imgur.com/3fFvawU.jpg,https://i.imgur.com/49BEDfC.jpg,https://i.imgur.com/kNrtc8P.jpg"
Takeuchi Miyu,"https://i.imgur.com/i6Kxqj5.png,https://i.imgur.com/GF2xf0m.jpg,https://i.imgur.com/2csEG1P.jpg,https://i.imgur.com/FCsJ7Uy.jpg,https://i.imgur.com/aCCnrpc.jpg,https://i.imgur.com/GEeLera.jpg,https://i.imgur.com/FZdU84M.jpg,https://i.imgur.com/pS1NBXz.jpg,https://i.imgur.com/AhP6jk1.jpg,https://i.imgur.com/z73Lz63.jpg,https://i.imgur.com/lh1mAUn.jpg,https://i.imgur.com/cUIQh47.jpg,https://i.imgur.com/vwX3Lzi.jpg"
Takahashi Juri,"https://i.imgur.com/LIWBRuP.png,https://i.imgur.com/8EH7qvo.jpg,https://i.imgur.com/CfG6IUT.jpg,https://i.imgur.com/4RL8sOb.jpg,https://i.imgur.com/ouuqDwR.jpg,https://i.imgur.com/iRjTQDS.jpg,https://i.imgur.com/0SuLfGU.jpg,https://i.imgur.com/TFTd58c.jpg,https://i.imgur.com/Y2viULj.jpg,https://i.imgur.com/hRcmlXV.jpg,https://i.imgur.com/zWc7b5I.jpg,https://i.imgur.com/sZc8lNG.jpg,https://i.imgur.com/G43dFmc.jpg"
Chiba Erii,"https://i.imgur.com/tLn9bdq.png,https://i.imgur.com/jVQuiR8.jpg,https://i.imgur.com/DedswBR.jpg,https://i.imgur.com/NDwEHg7.jpg,https://i.imgur.com/hSz8exV.jpg,https://i.imgur.com/W9wzWOx.jpg,https://i.imgur.com/iSam2PG.jpg,https://i.imgur.com/IAp3zXv.jpg,https://i.imgur.com/yGhzqCz.jpg,https://i.imgur.com/8VfstgD.jpg,https://i.imgur.com/PczIVRF.jpg,https://i.imgur.com/jbgmjrL.jpg,https://i.imgur.com/T33I85e.jpg"
Shinozaki Ayana,"https://i.imgur.com/qjTzEB3.png,https://i.imgur.com/X632H3L.jpg,https://i.imgur.com/5BD9LHd.jpg,https://i.imgur.com/ABThYLO.jpg,https://i.imgur.com/Qnox70C.jpg,https://i.imgur.com/7HUxq3e.jpg,https://i.imgur.com/ItNSAS5.jpg,https://i.imgur.com/yqzpTg2.jpg,https://i.imgur.com/EU2r3Cc.jpg,https://i.imgur.com/0Fl6Hle.jpg,https://i.imgur.com/vRniPKS.jpg,https://i.imgur.com/gLalxfG.jpg,https://i.imgur.com/NVEJyPE.jpg"
Sato Minami,"https://i.imgur.com/Hp8GmxF.png,https://i.imgur.com/zkEuJId.jpg,https://i.imgur.com/5aKEwzA.jpg,https://i.imgur.com/4lD36ox.jpg,https://i.imgur.com/7PNfFeV.jpg,https://i.imgur.com/EI5XDWa.jpg,https://i.imgur.com/4sD9VFy.jpg,https://i.imgur.com/gTBNlKm.jpg,https://i.imgur.com/dzo3Wl1.jpg,https://i.imgur.com/j4RBxLS.jpg,https://i.imgur.com/SRfRASS.jpg,https://i.imgur.com/5JeyTjy.jpg,https://i.imgur.com/eBTICXJ.jpg"
Kojima Mako,"https://i.imgur.com/eGqFiLl.png,https://i.imgur.com/Z5vXwvw.jpg,https://i.imgur.com/oyjoZAu.jpg,https://i.imgur.com/t9zTV8f.jpg,https://i.imgur.com/eAh9Tib.jpg,https://i.imgur.com/JAMKuQf.jpg,https://i.imgur.com/tzhBShR.jpg,https://i.imgur.com/2xr7YRc.jpg,https://i.imgur.com/KotVYB5.jpg,https://i.imgur.com/IVwiUDz.jpg,https://i.imgur.com/LmkpNdr.jpg,https://i.imgur.com/zOCS1ts.jpg,https://i.imgur.com/jjwWKYT.jpg"
Oda Erina,"https://i.imgur.com/DKPqxeV.png,https://i.imgur.com/QBFyB1q.jpg,https://i.imgur.com/Sh1Aabz.jpg,https://i.imgur.com/gYVFjxe.jpg,https://i.imgur.com/7DTACfk.jpg,https://i.imgur.com/jlGEvwA.jpg,https://i.imgur.com/nL6TPTu.jpg,https://i.imgur.com/v8qWuPK.jpg,https://i.imgur.com/QWNXKuY.jpg,https://i.imgur.com/ExYHrly.jpg,https://i.imgur.com/i9v5xUs.jpg,https://i.imgur.com/3r2NzOI.jpg,https://i.imgur.com/CCc6Yo4.jpg"
Asai Nanami,"https://i.imgur.com/xzAyHYt.png,https://i.imgur.com/vdkEiOD.jpg,https://i.imgur.com/K9FA2b4.jpg,https://i.imgur.com/QYf3sHw.jpg,https://i.imgur.com/YbCBJmV.jpg,https://i.imgur.com/b434Tny.jpg,https://i.imgur.com/tccdilN.jpg,https://i.imgur.com/kD3bwva.jpg,https://i.imgur.com/XJequDf.jpg,https://i.imgur.com/jdtV1j0.jpg,https://i.imgur.com/WDJ2uon.jpg,https://i.imgur.com/70dhVAm.jpg,https://i.imgur.com/UddO2G2.jpg"
Iwatate Saho,"https://i.imgur.com/jmqzc8m.png,https://i.imgur.com/ITdqTfT.jpg,https://i.imgur.com/FeTTCnj.jpg,https://i.imgur.com/bfcU9RC.jpg,https://i.imgur.com/7CQ8oJG.jpg,https://i.imgur.com/xdLDk0G.jpg,https://i.imgur.com/69qSISA.jpg,https://i.imgur.com/zJZ0pTF.jpg,https://i.imgur.com/m6WPYWa.jpg,https://i.imgur.com/Tpg1Xu5.jpg,https://i.imgur.com/Bgiszwv.jpg,https://i.imgur.com/UIujIDA.jpg,https://i.imgur.com/OqvXRhp.jpg"
Ichikawa Manami,"https://i.imgur.com/Y3cRqvM.png,https://i.imgur.com/sOFM8vA.jpg,https://i.imgur.com/NB2cy3H.jpg,https://i.imgur.com/U5eqdcq.jpg,https://i.imgur.com/YPi82gC.jpg,https://i.imgur.com/iHb3x5Y.jpg,https://i.imgur.com/KazCTNC.jpg,https://i.imgur.com/CSbtVo6.jpg,https://i.imgur.com/MdO8ZMk.jpg,https://i.imgur.com/tnavI3E.jpg,https://i.imgur.com/2SxhbDB.jpg,https://i.imgur.com/v87x7uH.jpg,https://i.imgur.com/O2hfnbr.jpg"
Shitao Miu,"https://i.imgur.com/1nWM7cW.png,https://i.imgur.com/Sqnrlux.jpg,https://i.imgur.com/PLcn4Cl.jpg,https://i.imgur.com/HVpXQtI.jpg,https://i.imgur.com/fDXDWOg.jpg,https://i.imgur.com/goqpbuL.jpg,https://i.imgur.com/RkxKMef.jpg,https://i.imgur.com/ZP53dEX.jpg,https://i.imgur.com/BF3cbvz.jpg,https://i.imgur.com/gliMUwj.jpg,https://i.imgur.com/DvVYvsW.jpg,https://i.imgur.com/2Slb9Ps.jpg,https://i.imgur.com/lJWqqsx.jpg"
Muto Tomu,"https://i.imgur.com/uRDv2Nm.png,https://i.imgur.com/UHsOKxz.jpg,https://i.imgur.com/ULeDeLz.jpg,https://i.imgur.com/m1aei5A.jpg,https://i.imgur.com/Je3x56q.jpg,https://i.imgur.com/DWCE0rR.jpg,https://i.imgur.com/6S37LiW.jpg,https://i.imgur.com/xnHTX5y.jpg,https://i.imgur.com/ovU8kX6.jpg,https://i.imgur.com/fDpgr9I.jpg,https://i.imgur.com/4hZa2Wq.jpg,https://i.imgur.com/hlRhQJM.jpg,https://i.imgur.com/DIakGnH.jpg"
Miyazaki Miho,"https://i.imgur.com/Y0OiFcp.png,https://i.imgur.com/gdRPf3G.jpg,https://i.imgur.com/UjO4Uts.jpg,https://i.imgur.com/Wtn4KYC.jpg,https://i.imgur.com/hA7JnnN.jpg,https://i.imgur.com/nXfH8pp.jpg,https://i.imgur.com/xQQWbt4.jpg,https://i.imgur.com/fqtDkET.jpg,https://i.imgur.com/7ALf4wg.jpg,https://i.imgur.com/T9RGXOu.jpg,https://i.imgur.com/MILF9UT.jpg,https://i.imgur.com/n3bGBMF.jpg,https://i.imgur.com/WChxbna.jpg"
Mogi Shinobu,"https://i.imgur.com/0ydX2f9.png,https://i.imgur.com/KdG6EGS.jpg,https://i.imgur.com/Wjewinm.jpg,https://i.imgur.com/Qd1Qjwq.jpg,https://i.imgur.com/oK93llp.jpg,https://i.imgur.com/piys7DW.jpg,https://i.imgur.com/0j7bRPK.jpg,https://i.imgur.com/sh4KIsF.jpg,https://i.imgur.com/4CVmPlM.jpg,https://i.imgur.com/0YtimOA.jpg,https://i.imgur.com/bHFE5Vj.jpg,https://i.imgur.com/opd0KUQ.jpg,https://i.imgur.com/Y6JTDsE.jpg"
Nakano Ikumi,"https://i.imgur.com/CG44IEb.png,https://i.imgur.com/PaHXItF.jpg,https://i.imgur.com/nEaTwG8.jpg,https://i.imgur.com/34FDLy9.jpg,https://i.imgur.com/4VCcdnx.jpg,https://i.imgur.com/s6eqWJM.jpg,https://i.imgur.com/XLLmqXc.jpg,https://i.imgur.com/tKL3ML3.jpg,https://i.imgur.com/cE3ocGk.jpg,https://i.imgur.com/25o2KSH.jpg,https://i.imgur.com/dUqfyR1.jpg,https://i.imgur.com/fq5EF8W.jpg,https://i.imgur.com/GYeV91F.jpg"
Nakanishi Chiyori,"https://i.imgur.com/ec2hz9G.png,https://i.imgur.com/gI5eRaa.jpg,https://i.imgur.com/mABA8Ik.jpg,https://i.imgur.com/I0s36Kh.jpg,https://i.imgur.com/RWurODI.jpg,https://i.imgur.com/BQcFdGY.jpg,https://i.imgur.com/4p35CnW.jpg,https://i.imgur.com/JUyEcYt.jpg,https://i.imgur.com/PUB0pZw.jpg,https://i.imgur.com/rsWFlBa.jpg,https://i.imgur.com/CtDpg0x.jpg,https://i.imgur.com/rkxn8so.jpg,https://i.imgur.com/dgulEPy.jpg"
Nagano Serika,"https://i.imgur.com/p434DNr.png,https://i.imgur.com/de6NZ2s.jpg,https://i.imgur.com/7bQc420.jpg,https://i.imgur.com/KP3uFR8.jpg,https://i.imgur.com/BIEMvgs.jpg,https://i.imgur.com/vDdLBXP.jpg,https://i.imgur.com/8Gd1MWx.jpg,https://i.imgur.com/JAtbCxO.jpg,https://i.imgur.com/Ce8u3EA.jpg,https://i.imgur.com/T4VKitI.jpg,https://i.imgur.com/j1v5wRQ.jpg,https://i.imgur.com/poRVuQz.jpg,https://i.imgur.com/Od4l15I.jpg"
Goto Moe,"https://i.imgur.com/06Fx2Hq.png,https://i.imgur.com/Ii02Yd3.jpg,https://i.imgur.com/ZPaafWS.jpg,https://i.imgur.com/Q5Temys.jpg,https://i.imgur.com/1j90k4k.jpg,https://i.imgur.com/7OoBcdQ.jpg,https://i.imgur.com/8lach8P.jpg,https://i.imgur.com/koOEcDU.jpg,https://i.imgur.com/tHKgxBF.jpg,https://i.imgur.com/aD3yLZQ.jpg,https://i.imgur.com/652c77k.jpg,https://i.imgur.com/wAITYzB.jpg,https://i.imgur.com/Pi6OhF2.jpg"
Cho Kahyeon,"https://i.imgur.com/oyzccEC.jpg,https://i.imgur.com/y42QPSN.jpg,https://i.imgur.com/0H7428w.jpg,https://i.imgur.com/svarQd7.jpg,https://i.imgur.com/259xTeG.jpg,https://i.imgur.com/GoOKJCd.jpg,https://i.imgur.com/jflYbOD.jpg,https://i.imgur.com/egCgzdz.jpg,https://i.imgur.com/KIjyrbG.jpg,https://i.imgur.com/scaDQMJ.jpg,https://i.imgur.com/j3rztVH.jpg,https://i.imgur.com/pCpecGN.jpg,https://i.imgur.com/zd8xSrR.jpg"
Chang Yuanying,"https://i.imgur.com/pRQR7fb.jpg,https://i.imgur.com/2wYYd4e.jpg,https://i.imgur.com/DuRUP7z.jpg,https://i.imgur.com/utEAldG.jpg,https://i.imgur.com/vddQe7Q.jpg,https://i.imgur.com/F1auYrH.jpg,https://i.imgur.com/gCkUyZ9.jpg,https://i.imgur.com/az7fyFi.jpg,https://i.imgur.com/z8PJpuf.jpg,https://i.imgur.com/zRynIhn.jpg,https://i.imgur.com/GTwz7Aw.jpg,https://i.imgur.com/EEU3AcX.jpg,https://i.imgur.com/IJwnSqd.jpg"
Park Jinny,"https://i.imgur.com/8szmXC9.jpg,https://i.imgur.com/lFIyrsU.jpg,https://i.imgur.com/WkPm1B9.jpg,https://i.imgur.com/SDnKC98.jpg,https://i.imgur.com/jVQjo2A.jpg,https://i.imgur.com/wREXLrN.jpg,https://i.imgur.com/yrJUB61.jpg,https://i.imgur.com/5cQNGXH.jpg,https://i.imgur.com/oyPXfx2.jpg,https://i.imgur.com/G5wF0Cz.jpg,https://i.imgur.com/6YW8FJN.jpg,https://i.imgur.com/xfIjiFN.jpg,https://i.imgur.com/HHZsKU9.jpg"
Choi Yeonsoo,"https://i.imgur.com/hTdYC9v.jpg,https://i.imgur.com/wQXx966.jpg,https://i.imgur.com/qtugfmk.jpg,https://i.imgur.com/iwS24uk.jpg,https://i.imgur.com/t7UsYp1.jpg,https://i.imgur.com/fvqTYPN.jpg,https://i.imgur.com/u7HRZeK.jpg,https://i.imgur.com/znmnrHL.jpg,https://i.imgur.com/IAI1tON.jpg,https://i.imgur.com/O83GnYk.jpg,https://i.imgur.com/bd6ogcG.jpg,https://i.imgur.com/e1fzqKF.jpg,https://i.imgur.com/lIZCHSw.jpg"
Ahn Yewon,"https://i.imgur.com/oenCsTa.jpg,https://i.imgur.com/ScSkYDq.jpg,https://i.imgur.com/Ff38aMb.jpg,https://i.imgur.com/WiYaENV.jpg,https://i.imgur.com/AVyWwff.jpg,https://i.imgur.com/MKHsYL1.jpg,https://i.imgur.com/IVYcauM.jpg,https://i.imgur.com/lpJOVPu.jpg,https://i.imgur.com/EbyRvxX.jpg,https://i.imgur.com/kXrzbjC.jpg,https://i.imgur.com/GPfP3Re.jpg,https://i.imgur.com/OMyFWrm.jpg,https://i.imgur.com/8MoyApm.jpg"
Park Seoyoung,"https://i.imgur.com/zCaI6pO.jpg,https://i.imgur.com/0EFhdXy.jpg,https://i.imgur.com/tqLKDXW.jpg,https://i.imgur.com/sQEVzR9.jpg,https://i.imgur.com/9sWEkVR.jpg,https://i.imgur.com/jN9oNGr.jpg,https://i.imgur.com/eNm9UFT.jpg,https://i.imgur.com/aXf5y5i.jpg,https://i.imgur.com/adP5ABR.jpg,https://i.imgur.com/067l5qZ.jpg,https://i.imgur.com/y5tC9Yc.jpg,https://i.imgur.com/mdfZjnP.jpg,https://i.imgur.com/MQioIL5.jpg"
Han Chowon,"https://i.imgur.com/KlIp2Fg.jpg,https://i.imgur.com/v0zq7fL.jpg,https://i.imgur.com/1bJO4JN.jpg,https://i.imgur.com/i54MNZh.jpg,https://i.imgur.com/PMNuDLP.jpg,https://i.imgur.com/smgRcCn.jpg,https://i.imgur.com/hkRf7cD.jpg,https://i.imgur.com/PZXpQ4o.jpg,https://i.imgur.com/JU2GmwT.jpg,https://i.imgur.com/Ipa4qdy.jpg,https://i.imgur.com/iHUYpW4.jpg,https://i.imgur.com/evareDJ.jpg,https://i.imgur.com/9PO7juO.jpg"
Hong Yeji,"https://i.imgur.com/99xFNEm.jpg,https://i.imgur.com/Jvh8Vwy.jpg,https://i.imgur.com/VBYIiUT.jpg,https://i.imgur.com/DlmpJpR.jpg,https://i.imgur.com/cwnZ0sH.jpg,https://i.imgur.com/gYBm7zL.jpg,https://i.imgur.com/hTV1q82.jpg,https://i.imgur.com/UYaDknd.jpg,https://i.imgur.com/2UosHB2.jpg,https://i.imgur.com/HweZofc.jpg,https://i.imgur.com/wnYtq0l.jpg,https://i.imgur.com/vlRNEwV.jpg,https://i.imgur.com/eU36fhS.jpg"
Lee Yujeong,"https://i.imgur.com/1jePGgt.jpg,https://i.imgur.com/xJgjYB1.jpg,https://i.imgur.com/cWjWOX1.jpg,https://i.imgur.com/3KrqqCd.jpg,https://i.imgur.com/xDegEDN.jpg,https://i.imgur.com/Qb50V7u.jpg,https://i.imgur.com/hmqsgK9.jpg,https://i.imgur.com/S3MQNNX.jpg,https://i.imgur.com/XuuAVNt.jpg,https://i.imgur.com/FNotM9l.jpg,https://i.imgur.com/4VojYd7.jpg,https://i.imgur.com/m1Z6bRd.jpg,https://i.imgur.com/0bBlxIj.jpg"
Yoon Eunbin,"https://i.imgur.com/YVzqKYg.jpg,https://i.imgur.com/hn0EiGn.jpg,https://i.imgur.com/6Rzrjxe.jpg,https://i.imgur.com/1mdpFyv.jpg,https://i.imgur.com/sjyIxPq.jpg,https://i.imgur.com/MueAZqF.jpg,https://i.imgur.com/BRtaY9W.jpg,https://i.imgur.com/nDb0i7d.jpg,https://i.imgur.com/gYIRSOJ.jpg,https://i.imgur.com/ugWG176.jpg,https://i.imgur.com/xQKzEyM.jpg,https://i.imgur.com/qgr3rq2.jpg,https://i.imgur.com/2cMI4RX.jpg"
Kim Yubin,"https://i.imgur.com/Ai1stCZ.jpg,https://i.imgur.com/44KHdCq.jpg,https://i.imgur.com/bVg63su.jpg,https://i.imgur.com/HE12WwF.jpg,https://i.imgur.com/pmIvzTC.jpg,https://i.imgur.com/pKzpUmL.jpg,https://i.imgur.com/tVRZmha.jpg,https://i.imgur.com/Ze4X43j.jpg,https://i.imgur.com/gddGePM.jpg,https://i.imgur.com/KUat1lP.jpg,https://i.imgur.com/72pcGVm.jpg,https://i.imgur.com/LwQHuGQ.jpg,https://i.imgur.com/uHrSt4N.jpg"
Kim Dayeon,"https://i.imgur.com/iQ5GrdN.jpg,https://i.imgur.com/zAZD2qr.jpg,https://i.imgur.com/R6c3BOo.jpg,https://i.imgur.com/2mXEIjv.jpg,https://i.imgur.com/Zts4ky8.jpg,https://i.imgur.com/6ghdmMt.jpg,https://i.imgur.com/TYzqRFl.jpg,https://i.imgur.com/EooPBEL.jpg,https://i.imgur.com/Ih0x8sd.jpg,https://i.imgur.com/orHHHm2.jpg,https://i.imgur.com/x8lrxMN.jpg,https://i.imgur.com/gcP7YHR.jpg,https://i.imgur.com/qENDPwy.jpg"
Hwang Soyeon,"https://i.imgur.com/0cdS5kw.png,https://i.imgur.com/aoFk8DS.jpg,https://i.imgur.com/lSYOSBb.jpg,https://i.imgur.com/jP6BiJv.jpg,https://i.imgur.com/SNLtlZH.jpg,https://i.imgur.com/FU7Rszg.jpg,https://i.imgur.com/dYcjUeW.jpg,https://i.imgur.com/jc4Yo59.jpg,https://i.imgur.com/GB6eaYn.jpg,https://i.imgur.com/7kXZKHW.jpg,https://i.imgur.com/FcsEObT.jpg,https://i.imgur.com/lkPG9ud.jpg"
Ahn Yujin,"https://i.imgur.com/qCv7isj.jpg,https://i.imgur.com/EuTs5Pu.jpg,https://i.imgur.com/l8V6oOE.jpg,https://i.imgur.com/EW7A4zU.jpg,https://i.imgur.com/1zeZ915.jpg,https://i.imgur.com/srJN52u.jpg,https://i.imgur.com/1w53GP4.jpg,https://i.imgur.com/kc7hxZu.jpg,https://i.imgur.com/7Z3jHPK.jpg,https://i.imgur.com/0jmPXsD.jpg,https://i.imgur.com/Z5WCKqu.jpg,https://i.imgur.com/7QHv3Zl.jpg,https://i.imgur.com/MoVkANm.jpg"
Kang Damin,"https://i.imgur.com/UilCaQH.png,https://i.imgur.com/2DlecCx.jpg,https://i.imgur.com/N3Zajcq.jpg,https://i.imgur.com/xVmxByd.jpg,https://i.imgur.com/JAhAivh.jpg,https://i.imgur.com/mOtXlaM.jpg,https://i.imgur.com/tfUFjNO.jpg,https://i.imgur.com/1UJ5Ykj.jpg,https://i.imgur.com/muEMgJS.jpg,https://i.imgur.com/f0eFT4u.jpg,https://i.imgur.com/sNZbccG.jpg,https://i.imgur.com/xzeGcuM.jpg,https://i.imgur.com/QHf4ObS.jpg"
Jang Gyuri,"https://i.imgur.com/kNCllPy.png,https://i.imgur.com/vynmCgd.jpg,https://i.imgur.com/ktPClLU.jpg,https://i.imgur.com/7zYAzF6.jpg,https://i.imgur.com/3tO1pFC.jpg,https://i.imgur.com/9TuHBrD.jpg,https://i.imgur.com/8BOnMgz.jpg,https://i.imgur.com/boqXs95.jpg,https://i.imgur.com/O6f7xVs.jpg,https://i.imgur.com/KYkVPeR.jpg,https://i.imgur.com/lrmt9Ls.jpg,https://i.imgur.com/nchRqYX.jpg"
Jo Yuri,"https://i.imgur.com/N6yLr0h.png,https://i.imgur.com/e6FlnGW.jpg,https://i.imgur.com/xUrB6Ka.jpg,https://i.imgur.com/yiN2bVP.jpg,https://i.imgur.com/D3H6ty6.jpg,https://i.imgur.com/8wjka4B.jpg,https://i.imgur.com/0fPakIO.jpg,https://i.imgur.com/rFCnUns.jpg,https://i.imgur.com/tOm9Fxs.jpg,https://i.imgur.com/dYenWu8.jpg,https://i.imgur.com/XHrHgsG.jpg,https://i.imgur.com/L3hqacW.jpg,https://i.imgur.com/V6PLnQq.jpg"
Lee Sian,"https://i.imgur.com/zvNhSJK.png,https://i.imgur.com/MrM3d6J.jpg,https://i.imgur.com/bMXODXX.jpg,https://i.imgur.com/S5Pluu1.jpg,https://i.imgur.com/6Aq0Eoj.jpg,https://i.imgur.com/raXPKj1.jpg,https://i.imgur.com/wx8VuVb.jpg,https://i.imgur.com/YiEv8LT.jpg,https://i.imgur.com/QAPf0ys.jpg,https://i.imgur.com/mowTCWw.jpg,https://i.imgur.com/OmBlMfL.jpg,https://i.imgur.com/huH8dU6.jpg,https://i.imgur.com/accm85G.jpg"
Bae Eunyeong,"https://i.imgur.com/otE6ELR.png,https://i.imgur.com/TBmasdE.jpg,https://i.imgur.com/Oge7nEF.jpg,https://i.imgur.com/oKRIzYT.jpg,https://i.imgur.com/0NJpnrR.jpg,https://i.imgur.com/f7nRB6U.jpg,https://i.imgur.com/UFVa4gz.jpg,https://i.imgur.com/4zEQzpZ.jpg,https://i.imgur.com/niGn1Cp.jpg,https://i.imgur.com/P8ZLrwY.jpg,https://i.imgur.com/CuoyQde.jpg,https://i.imgur.com/V3drkEd.jpg,https://i.imgur.com/hYbdNSQ.jpg"
Kim Minju,"https://i.imgur.com/PbsCbCy.png,https://i.imgur.com/L7qSHa4.jpg,https://i.imgur.com/TtjxImm.jpg,https://i.imgur.com/3vT24Ki.jpg,https://i.imgur.com/4n9714y.jpg,https://i.imgur.com/atkWU6x.jpg,https://i.imgur.com/MAKd7tH.jpg,https://i.imgur.com/u7KeeLA.jpg,https://i.imgur.com/Z0QQYJa.jpg,https://i.imgur.com/0s4rZwc.jpg,https://i.imgur.com/5WPV298.jpg,https://i.imgur.com/7yuQWnm.jpg,https://i.imgur.com/YZfVfJO.jpg"
Kim Dahye,"https://i.imgur.com/XKVgE7S.png,https://i.imgur.com/ZiVbYQv.jpg,https://i.imgur.com/aeybhP4.jpg,https://i.imgur.com/6vIsUuF.jpg,https://i.imgur.com/R4Dtlfr.jpg,https://i.imgur.com/z72Uodg.jpg,https://i.imgur.com/J0XzTAM.jpg,https://i.imgur.com/gitNtVu.jpg,https://i.imgur.com/L56U3CT.jpg,https://i.imgur.com/sNUywy3.jpg,https://i.imgur.com/RmVFjCk.jpg,https://i.imgur.com/kOQm3yA.jpg,https://i.imgur.com/CPwKd2h.jpg"
Kim Nayoung,"https://i.imgur.com/AFpPJUK.png,https://i.imgur.com/0Il7fFz.jpg,https://i.imgur.com/aRRBdiS.jpg,https://i.imgur.com/TZoW5pX.jpg,https://i.imgur.com/5Lv8nFs.jpg,https://i.imgur.com/xXtRVZt.jpg,https://i.imgur.com/MuZMT9W.jpg,https://i.imgur.com/TyKqBVA.jpg,https://i.imgur.com/z3qM844.jpg,https://i.imgur.com/EMhTolL.jpg,https://i.imgur.com/r0lKmf4.jpg,https://i.imgur.com/zAbf8yA.jpg,https://i.imgur.com/4pg0MMV.jpg"
Cho Sarang,"https://i.imgur.com/2NkRGnx.png,https://i.imgur.com/blplZdD.jpg,https://i.imgur.com/j0jpJuF.jpg,https://i.imgur.com/yGwgzhC.jpg,https://i.imgur.com/mP9o85h.jpg,https://i.imgur.com/SbLVxzK.jpg,https://i.imgur.com/7qSZKa2.jpg,https://i.imgur.com/KXJ5Kxh.jpg,https://i.imgur.com/nIKkTiW.jpg,https://i.imgur.com/47HqSEl.jpg,https://i.imgur.com/yN7eUaT.jpg,https://i.imgur.com/lwpeevw.jpg,https://i.imgur.com/Hp1DI3V.jpg"
Son Eunchae,"https://i.imgur.com/y4oJQXD.png,https://i.imgur.com/dj5675D.jpg,https://i.imgur.com/RdUJxNh.jpg,https://i.imgur.com/pHFeETT.jpg,https://i.imgur.com/pMKv7RL.jpg,https://i.imgur.com/sQIVy18.jpg,https://i.imgur.com/6rsk0HW.jpg,https://i.imgur.com/M66Zcqp.jpg,https://i.imgur.com/EGlNDlb.jpg,https://i.imgur.com/mnfsLCo.jpg,https://i.imgur.com/WmgGzMv.jpg,https://i.imgur.com/xpXDRhG.jpg,https://i.imgur.com/XPE04sq.jpg"
Park Jieun,"https://i.imgur.com/S8kRtTA.png,https://i.imgur.com/OnPgCue.jpg,https://i.imgur.com/7p3HWSA.jpg,https://i.imgur.com/NHI6BbZ.jpg,https://i.imgur.com/WBd8NeO.jpg,https://i.imgur.com/Kcz7yMR.jpg,https://i.imgur.com/R1OXYpg.jpg,https://i.imgur.com/VcaCwR4.jpg,https://i.imgur.com/8cNNJGM.jpg,https://i.imgur.com/WJYgkN1.jpg,https://i.imgur.com/H7UY7qt.jpg,https://i.imgur.com/NsVlwmy.jpg,https://i.imgur.com/h2oLBvq.jpg"
Na Goeun,"https://i.imgur.com/mX3Lsqc.png,https://i.imgur.com/FC0rqnh.jpg,https://i.imgur.com/0ccWrEt.jpg,https://i.imgur.com/xE1uXJk.jpg,https://i.imgur.com/3De4kMo.jpg,https://i.imgur.com/iQpum7W.jpg,https://i.imgur.com/SSouEJ8.jpg,https://i.imgur.com/dLRK2pU.jpg,https://i.imgur.com/wuQD0iQ.jpg,https://i.imgur.com/kqESTaz.jpg,https://i.imgur.com/GQLKoiE.jpg,https://i.imgur.com/rQro7xK.jpg,https://i.imgur.com/JP4qUYY.jpg"
Lee Haeun,"https://i.imgur.com/KVCz4JS.png,https://i.imgur.com/2t550Tq.jpg,https://i.imgur.com/Tl1xGv9.jpg,https://i.imgur.com/hxlSxDx.jpg,https://i.imgur.com/Erh8BL8.jpg,https://i.imgur.com/KGPRUHJ.jpg,https://i.imgur.com/yVXqAUB.jpg,https://i.imgur.com/9tWEsxT.jpg,https://i.imgur.com/ukKXDmy.jpg,https://i.imgur.com/f5KCe0Z.jpg,https://i.imgur.com/HgBgF9Q.jpg,https://i.imgur.com/dEwznLZ.jpg,https://i.imgur.com/RQDYsQl.jpg"
Park Haeyoon,"https://i.imgur.com/IvfzUQK.png,https://i.imgur.com/xFgXuvO.jpg,https://i.imgur.com/6qQLH92.jpg,https://i.imgur.com/raU0944.jpg,https://i.imgur.com/fcABSVA.jpg,https://i.imgur.com/HBdnISB.jpg,https://i.imgur.com/Ih4STr6.jpg,https://i.imgur.com/VqB9M2M.jpg,https://i.imgur.com/0YPRzfN.jpg,https://i.imgur.com/Hdq4CfD.jpg,https://i.imgur.com/uLNW32j.jpg,https://i.imgur.com/brDZ8si.jpg,https://i.imgur.com/yOeLQV6.jpg"
Cho Ahyeong,"https://i.imgur.com/v0UChni.png,https://i.imgur.com/bAM3wr7.jpg,https://i.imgur.com/1yYgVNm.jpg,https://i.imgur.com/1MmTd6n.jpg,https://i.imgur.com/V89QZaP.jpg,https://i.imgur.com/r1e7zfB.jpg,https://i.imgur.com/uM5IiIY.jpg,https://i.imgur.com/M47AgmF.jpg,https://i.imgur.com/zT5uuQt.jpg,https://i.imgur.com/JDbmWso.jpg,https://i.imgur.com/yjFYNb4.jpg,https://i.imgur.com/mTLI2iL.jpg,https://i.imgur.com/ck2m9X4.jpg"
Kim Minseo,"https://i.imgur.com/9xnGZoh.png,https://i.imgur.com/fvdIXfe.jpg,https://i.imgur.com/UpNo7D4.jpg,https://i.imgur.com/wNF4Ds8.jpg,https://i.imgur.com/bfFAk3T.jpg,https://i.imgur.com/vnjGRrl.jpg,https://i.imgur.com/UVbdEuZ.jpg,https://i.imgur.com/EMGHvHQ.jpg,https://i.imgur.com/uA1fBp3.jpg,https://i.imgur.com/9bjiTZg.jpg,https://i.imgur.com/EKKlomk.jpg,https://i.imgur.com/Gh9gCj3.jpg,https://i.imgur.com/3TxCba4.jpg"
Shin Suhyun,"https://i.imgur.com/xg7tPdg.png,https://i.imgur.com/cnPg2ly.jpg,https://i.imgur.com/85ANnKU.jpg,https://i.imgur.com/h28dIRb.jpg,https://i.imgur.com/B9W5a0N.jpg,https://i.imgur.com/mIlTtYO.jpg,https://i.imgur.com/0QQB6g1.jpg,https://i.imgur.com/EJ3Trmd.jpg,https://i.imgur.com/3k5Qsmb.jpg,https://i.imgur.com/i0KVwU5.jpg,https://i.imgur.com/3fRScsP.jpg,https://i.imgur.com/1jOAJwu.jpg,https://i.imgur.com/uauty0e.jpg"
Wang Yi Ren,"https://i.imgur.com/AqqTrWP.png,https://i.imgur.com/lj50gSr.jpg,https://i.imgur.com/DP1csqz.jpg,https://i.imgur.com/khcIwWl.jpg,https://i.imgur.com/6jEcIV1.jpg,https://i.imgur.com/FQKPqDb.jpg,https://i.imgur.com/KrLWLOJ.jpg,https://i.imgur.com/19ixc9Y.jpg,https://i.imgur.com/jGDJV5U.jpg,https://i.imgur.com/lLVc1TP.jpg,https://i.imgur.com/JQvnQRG.jpg,https://i.imgur.com/Eycoet9.jpg,https://i.imgur.com/rZ72vgr.jpg"
Alex Christine,"https://i.imgur.com/PHXKD2A.png,https://i.imgur.com/t8WZiIL.jpg,https://i.imgur.com/RMQyKWX.jpg,https://i.imgur.com/Jfh6anm.jpg,https://i.imgur.com/Go1q82N.jpg,https://i.imgur.com/FXQMffP.jpg,https://i.imgur.com/eaoUTeV.jpg,https://i.imgur.com/828tN6D.jpg,https://i.imgur.com/wujweKB.jpg,https://i.imgur.com/i5vLuvu.jpg,https://i.imgur.com/ZYI62t5.jpg,https://i.imgur.com/qWGUmYU.jpg,https://i.imgur.com/sYhPqTi.jpg"
Yu Minyoung,"https://i.imgur.com/po0xyCd.png,https://i.imgur.com/5S8YEYs.jpg,https://i.imgur.com/BNhwAZ1.jpg,https://i.imgur.com/eizeDXm.jpg,https://i.imgur.com/Q5v7VrO.jpg,https://i.imgur.com/nCa016u.jpg,https://i.imgur.com/xrnRlJt.jpg,https://i.imgur.com/gSwzpo2.jpg,https://i.imgur.com/IJ6Nndo.jpg,https://i.imgur.com/L2DbeV4.jpg,https://i.imgur.com/0uOS50E.jpg,https://i.imgur.com/0JYphc9.jpg,https://i.imgur.com/pA8pk15.jpg"
Kim Sihyeon,"https://i.imgur.com/7amCBnm.png,https://i.imgur.com/NYQ7h8A.jpg,https://i.imgur.com/SCRtREJ.jpg,https://i.imgur.com/SEYiX0I.jpg,https://i.imgur.com/gvP8Ctl.jpg,https://i.imgur.com/327qJQ3.jpg,https://i.imgur.com/xWB2IQD.jpg,https://i.imgur.com/e9uFz0n.jpg,https://i.imgur.com/tErcyeI.jpg,https://i.imgur.com/gwCXGLw.jpg,https://i.imgur.com/CJAZQUA.jpg,https://i.imgur.com/Mj5ltCZ.jpg,https://i.imgur.com/LSsnY6Q.jpg"
Choi Yena,"https://i.imgur.com/RrDJPOr.png,https://i.imgur.com/pI8liog.jpg,https://i.imgur.com/hqfm8Fx.jpg,https://i.imgur.com/YwG5u3L.jpg,https://i.imgur.com/N8eCoqv.jpg,https://i.imgur.com/z7z06rl.jpg,https://i.imgur.com/kLkOfmv.jpg,https://i.imgur.com/Ng3UQqE.jpg,https://i.imgur.com/MqxLn5n.jpg,https://i.imgur.com/Q8oYqyP.jpg,https://i.imgur.com/6S6FjP7.jpg,https://i.imgur.com/TjfGYjy.jpg,https://i.imgur.com/KOwhfBU.jpg"
Lee Chaejeong,"https://i.imgur.com/OsetreZ.png,https://i.imgur.com/XeuTu6a.jpg,https://i.imgur.com/xguYxD8.jpg,https://i.imgur.com/LiycpRM.jpg,https://i.imgur.com/G1nd1wK.jpg,https://i.imgur.com/Axuwceh.jpg,https://i.imgur.com/fXuGAFb.jpg,https://i.imgur.com/CfzEZPB.jpg,https://i.imgur.com/nUfsTZE.jpg,https://i.imgur.com/3k9rihS.jpg,https://i.imgur.com/bOtzeAa.jpg,https://i.imgur.com/zrzmXXG.jpg,https://i.imgur.com/DBsTTHi.jpg"
Lee Seunghyeon,"https://i.imgur.com/a2plWjj.png,https://i.imgur.com/0NLpMIw.jpg,https://i.imgur.com/HIkA8Vj.jpg,https://i.imgur.com/F1Zx68S.jpg,https://i.imgur.com/xmGEhCP.jpg,https://i.imgur.com/Qnb2nZ1.jpg,https://i.imgur.com/TPzc7DL.jpg,https://i.imgur.com/nUv3kbc.jpg,https://i.imgur.com/CWD3s8s.jpg,https://i.imgur.com/03rCQdE.jpg,https://i.imgur.com/yPISei5.jpg,https://i.imgur.com/x2KQ86t.jpg,https://i.imgur.com/TOOZHRB.jpg"
Park Chanju,"https://i.imgur.com/VJ39Cwq.png,https://i.imgur.com/hlS2RZ6.jpg,https://i.imgur.com/Q6LdjPg.jpg,https://i.imgur.com/7zCPkHj.jpg,https://i.imgur.com/tLy5ica.jpg,https://i.imgur.com/Cz2GNik.jpg,https://i.imgur.com/yxrkSpP.jpg,https://i.imgur.com/3VFaGZd.jpg,https://i.imgur.com/m8Myx2R.jpg,https://i.imgur.com/31tUTfd.jpg,https://i.imgur.com/AXQnVXO.jpg,https://i.imgur.com/PEMNtuS.jpg,https://i.imgur.com/4T4gxBu.jpg"
Kim Doah,"https://i.imgur.com/N9OzvhJ.png,https://i.imgur.com/2auHycr.jpg,https://i.imgur.com/dQi17wr.jpg,https://i.imgur.com/BeYYEUZ.jpg,https://i.imgur.com/cwwKxJf.jpg,https://i.imgur.com/aIF9tbz.jpg,https://i.imgur.com/zUKmkT2.jpg,https://i.imgur.com/lddL8X7.jpg,https://i.imgur.com/ZMtZ0ap.jpg,https://i.imgur.com/nbEmC2H.jpg,https://i.imgur.com/HVYJBLi.jpg,https://i.imgur.com/xtypwt7.jpg,https://i.imgur.com/kGRl4kJ.jpg"
Wang Ke,"https://i.imgur.com/uDQs8Gh.png,https://i.imgur.com/dIZRmWq.jpg,https://i.imgur.com/uqsiM3m.jpg,https://i.imgur.com/30V8PWS.jpg,https://i.imgur.com/226F0Rh.jpg,https://i.imgur.com/2XlH2gt.jpg,https://i.imgur.com/fTk2DoV.jpg,https://i.imgur.com/8u6ojRa.jpg,https://i.imgur.com/N3gZdW4.jpg,https://i.imgur.com/7PpnYBB.jpg,https://i.imgur.com/yOh6zEG.jpg,https://i.imgur.com/DvaFFpe.jpg,https://i.imgur.com/bJTu3h0.jpg"
Kim Hyunah,"https://i.imgur.com/kg68tip.png,https://i.imgur.com/666DOl1.jpg,https://i.imgur.com/xX51BFp.jpg,https://i.imgur.com/ti5jxSq.jpg,https://i.imgur.com/jtqeWUo.jpg,https://i.imgur.com/TKJdbEj.jpg,https://i.imgur.com/TMqvVws.jpg,https://i.imgur.com/13hOM5s.jpg,https://i.imgur.com/PhUHiN4.jpg,https://i.imgur.com/xSwj4UO.jpg,https://i.imgur.com/qZkHKyN.jpg,https://i.imgur.com/qvZxMaK.jpg,https://i.imgur.com/tWSwB64.jpg"
